name,personal_number,no_ktp,passport_id,bod,process
Yani Fitriani,EMP-2025-5184,7578212006982515,JZG11506,1998-06-20,1
Lestari Dewi,EMP-2025-1605,3619291305850162,ZFY173845,1985-05-13,1
Ika Utomo,EMP-2025-2798,7535781409690786,YKI41051,1969-09-14,1
Oki Nurhaliza,EMP-2025-4082,7695352307656065,SEZ52498,1965-07-23,
Hana Fitriani,EMP-2025-1303,3340531411881477,SY5029809,1988-11-14,
Indra Hermawan,EMP-2025-2043,3462640701078723,AEV777279,2007-01-07,
Putri Kurniawan,EMP-2025-3688,3278580812758578,BV943319,1975-12-08,
Erna Susanto,EMP-2025-4338,3338392802044810,AQ239680,2004-02-28,
Bayu Wijaya,EMP-2025-5383,7408460605617543,JAX404158,1961-05-06,1
Candra Santoso,EMP-2025-7712,3220990404833705,JJX14813,1983-04-04,1
Ika Simatupang,EMP-2025-2191,3515251705860660,KIA999144,1986-05-17,1
Ahmad Maharani,EMP-2025-1798,7593951309952154,UD572639,1995-09-13,1
Gina Rahayu,EMP-2025-4060,3637632403687028,SE789281,1968-03-24,
Bayu Wulandari,EMP-2025-2437,7579242809779687,DK994600,1977-09-28,1
Ahmad Pratama,EMP-2025-1006,3529441501997852,QHH97281,1999-01-15,
Vina Handayani,EMP-2025-9938,6128370203034591,LG330058,2003-03-02,
Dian Fitriani,EMP-2025-4522,6196762502943904,PC1715961,1994-02-25,0
Yani Gunawan,EMP-2025-7770,3370803107914940,ND1528899,1991-07-31,
Jihan Dewi,EMP-2025-8582,3356091802046865,EH2909184,2004-02-18,
Indra Hidayat,EMP-2025-9216,3322570407066294,KHE550955,2006-07-04,1
Putri Kurniawan,EMP-2025-1952,3538912611849047,FN018927,1984-11-26,0
Oki Saputri,EMP-2025-6048,7515012712919915,CSO463088,1991-12-27,1
Candra Handayani,EMP-2025-4217,3433031305706259,VF268347,1970-05-13,0
Eko Maharani,EMP-2025-3032,7412640502777527,EM6011360,1977-02-05,0
Prima Suryanto,EMP-2025-2250,7483522210698631,PJ1089172,1969-10-22,0
Jihan Wijaya,EMP-2025-3315,3214700503911393,MO834252,1991-03-05,0
Hadi Purnomo,EMP-2025-8382,3214700906871681,DXA33296,1987-06-09,0
Tono Suryanto,EMP-2025-1250,3329140502865855,DYX615561,1986-02-05,1
Hadi Anggraini,EMP-2025-4349,6114350908056048,UW7114798,2005-08-09,1
Zaki Maharani,EMP-2025-2980,3619121810892090,JMM66199,1989-10-18,
Nia Dewi,EMP-2025-8786,7469690301058725,KP578203,2005-01-03,0
Oki Pratama,EMP-2025-0977,6172611910721805,JWU218992,1972-10-19,
Ahmad Anggraini,EMP-2025-0432,3416902608736185,JSR451112,1973-08-26,1
Ahmad Setiawan,EMP-2025-8642,3498241712022296,MSL218075,2002-12-17,1
Lina Kurniawan,EMP-2025-8223,7471921912839373,SLE591262,1983-12-19,
Budi Rahman,EMP-2025-5132,7578100311027822,VEU11068,2002-11-03,1
Citra Pratama,EMP-2025-9784,3470140409663472,TI6029557,1966-09-04,1
Joko Santoso,EMP-2025-6524,3340022310924627,IK970471,1992-10-23,
Hana Wulandari,EMP-2025-2642,7362760303644754,RC9226179,1964-03-03,
Joko Anggraini,EMP-2025-2150,7684671206917332,HQY873260,1991-06-12,
Qori Purnomo,EMP-2025-8965,7413021108735072,ML9123017,1973-08-11,1
Yani Sari,EMP-2025-8000,7484180912719319,JH891389,1971-12-09,
Fitri Handayani,EMP-2025-0935,7365582405840700,SO8213034,1984-05-24,1
Fajar Wijaya,EMP-2025-1407,7483690907021788,TX713394,2002-07-09,1
Budi Budiman,EMP-2025-2385,7405701510747700,IA087922,1974-10-15,
Candra Simatupang,EMP-2025-2323,7335331208761370,HC856280,1976-08-12,1
Joko Simatupang,EMP-2025-7791,3426450106987891,ZL858175,1998-06-01,
Citra Wati,EMP-2025-8183,6102201812012417,CZK998665,2001-12-18,
Erna Maharani,EMP-2025-6186,3554901909759846,JY3333814,1975-09-19,1
Candra Pertiwi,EMP-2025-5503,6146700801998572,YL155386,1999-01-08,1
Erna Saputra,EMP-2025-0270,7613121602701469,CTQ658682,1970-02-16,1
Qori Nurhaliza,EMP-2025-7602,3326612412715745,XQU03228,1971-12-24,1
Andi Kurniawan,EMP-2025-0431,3501543009630255,UV399291,1963-09-30,0
Kurnia Kusuma,EMP-2025-6605,7655170411952847,NLC567862,1995-11-04,1
Oki Nurhaliza,EMP-2025-0190,3512121202637167,AS5079671,1963-02-12,0
Eko Purnomo,EMP-2025-0848,7532932609944268,CDA191121,1994-09-26,1
Lina Hermawan,EMP-2025-6779,3551131311040360,MQ6339810,2004-11-13,
Nia Santoso,EMP-2025-7929,7605162807915682,ET1005181,1991-07-28,1
Qori Kusuma,EMP-2025-4484,3429110303724385,FCS48499,1972-03-03,0
Yani Susanto,EMP-2025-3373,3651140810882715,LLP86645,1988-10-08,
Putri Sari,EMP-2025-4147,3358220511638379,HVQ31841,1963-11-05,0
Gina Saputra,EMP-2025-0158,6148190901892004,RSF85365,1989-01-09,1
Lestari Santoso,EMP-2025-5207,7686102608987131,FBM941133,1998-08-26,1
Wati Setiawan,EMP-2025-4660,3283742603617566,VK3048433,1961-03-26,0
Uci Dewi,EMP-2025-4890,7541641401656445,MQX91281,1965-01-14,
Zaki Hidayat,EMP-2025-6044,7329221709683132,YW800326,1968-09-17,
Galih Hidayat,EMP-2025-2070,3418752302021965,WTX66524,2002-02-23,1
Zaki Wati,EMP-2025-1357,7429122506844854,OWR604264,1984-06-25,1
Maya Sari,EMP-2025-5109,3344270312065135,RWC239857,2006-12-03,1
Kurnia Sari,EMP-2025-1673,7322881505889458,LC2810642,1988-05-15,1
Indra Suryanto,EMP-2025-7060,7328200406968228,BHC74245,1996-06-04,1
Andi Wijaya,EMP-2025-1820,7556141604654079,CX252864,1965-04-16,0
Uci Hermawan,EMP-2025-5696,3664272802763336,SHA574392,1976-02-28,0
Putri Purnomo,EMP-2025-0209,3424432708012324,LAZ170340,2001-08-27,0
Yani Gunawan,EMP-2025-8607,3203732211863741,TU3747924,1986-11-22,0
Lestari Saputri,EMP-2025-9761,6139910310908485,CRS142930,1990-10-03,
Mira Maharani,EMP-2025-6190,7347272810683176,ZW981933,1968-10-28,1
Joko Wulandari,EMP-2025-2015,3625062206075625,UOU29464,2007-06-22,1
Ahmad Pratama,EMP-2025-7977,7672862805754975,BHL250346,1975-05-28,1
Zaki Maharani,EMP-2025-2541,3445370711059188,SD4920926,2005-11-07,1
Erna Saputra,EMP-2025-9240,3334391009882840,RIP241329,1988-09-10,0
Bayu Sari,EMP-2025-7241,7356130104738628,NRJ44405,1973-04-01,0
Gina Simatupang,EMP-2025-2086,7639320710066114,BVD475802,2006-10-07,
Joko Nurhaliza,EMP-2025-0998,3338730401045429,TR7559186,2004-01-04,
Tono Setiawan,EMP-2025-1880,3693012804043289,AP5210539,2004-04-28,1
Mira Purnomo,EMP-2025-2019,3431700103847195,DAD175426,1984-03-01,1
Citra Fitriani,EMP-2025-6831,3651501206707602,DHD03686,1970-06-12,1
Vina Gunawan,EMP-2025-0150,3460930812014537,JW3730637,2001-12-08,
Andi Sari,EMP-2025-1118,3436982912876455,JMR13936,1987-12-29,0
Devi Suryanto,EMP-2025-1741,3294210808811582,YMT187399,1981-08-08,1
Sari Rahman,EMP-2025-6133,3305961005677235,YI395124,1967-05-10,0
Indra Purnomo,EMP-2025-9538,3456682501781410,QR0107583,1978-01-25,0
Devi Suryanto,EMP-2025-5841,3574613009055769,UL851514,2005-09-30,
Jihan Rahayu,EMP-2025-6397,6103292810864119,BWZ525636,1986-10-28,0
Galih Sari,EMP-2025-5539,7661340407630529,GIT283790,1963-07-04,
Wati Maharani,EMP-2025-1160,7690982712635667,PPC92005,1963-12-27,1
Hadi Susanto,EMP-2025-3215,3630031210650432,RTO331751,1965-10-12,
Putri Kurniawan,EMP-2025-0950,6146250708917153,GP4785088,1991-08-07,0
Nia Purnomo,EMP-2025-4631,3308172802002959,IP9136609,2000-02-28,
Omar Purnomo,EMP-2025-9035,6129572212876012,WGX65097,1987-12-22,1
Rina Hidayat,EMP-2025-4997,3327182207073778,DS0247908,2007-07-22,
Wati Fitriani,EMP-2025-9991,7339110403664573,MWK236560,1966-03-04,0
Sari Dewi,EMP-2025-3548,7697441405849683,IV879785,1984-05-14,
Lestari Setiawan,EMP-2025-2664,7455741505074262,MZG262972,2007-05-15,0
Wati Purnomo,EMP-2025-9962,7636470412844105,DO884000,1984-12-04,
Prima Kusuma,EMP-2025-1304,7528532601669496,XOY17281,1966-01-26,0
Wati Saputra,EMP-2025-0631,7684070909811876,RW070722,1981-09-09,
Budi Simatupang,EMP-2025-1270,3277311003921789,CCF86042,1992-03-10,
Mira Rahayu,EMP-2025-4818,6143530706947712,EB9068575,1994-06-07,1
Devi Suryanto,EMP-2025-6244,3549752809632459,YY5967518,1963-09-28,1
Bayu Handayani,EMP-2025-3196,7567570104894411,XIU23964,1989-04-01,0
Vina Simatupang,EMP-2025-7933,6172650309675936,LK9296667,1967-09-03,0
Gina Utomo,EMP-2025-9438,3353541402062432,QUX01259,2006-02-14,0
Citra Sari,EMP-2025-2169,7304891710751197,XJK718856,1975-10-17,
Lina Wulandari,EMP-2025-4740,6158530103017139,STS105643,2001-03-01,
Nia Maharani,EMP-2025-4872,7636990507693806,IOX23790,1969-07-05,
Rina Utomo,EMP-2025-5691,3674790701891630,EHM829979,1989-01-07,0
Indra Utomo,EMP-2025-9805,3571661812750449,YO0802957,1975-12-18,1
Vina Hidayat,EMP-2025-7083,3615923007717282,GWZ987201,1971-07-30,1
Putri Utomo,EMP-2025-7101,7587102101890629,YU158696,1989-01-21,
Ahmad Maharani,EMP-2025-7703,7329871505784347,ME218987,1978-05-15,0
Sari Hermawan,EMP-2025-0636,7472791107792919,RPQ646132,1979-07-11,1
Uci Hermawan,EMP-2025-7881,7481510811928904,CCW44241,1992-11-08,0
Andi Lestari,EMP-2025-8015,6190512104727926,RAG870723,1972-04-21,1
Omar Suryanto,EMP-2025-7955,7352341909654397,IV428571,1965-09-19,1
Kiki Kurniawan,EMP-2025-6213,3478700808620346,UI756531,1962-08-08,
Kiki Nurhaliza,EMP-2025-6126,7392300611862645,KOG009134,1986-11-06,1
Bayu Santoso,EMP-2025-4464,3230810101830554,VJ172007,1983-01-01,0
Lestari Purnomo,EMP-2025-6409,7578202205699637,VW473409,1969-05-22,1
Dian Rahman,EMP-2025-9192,3655120210806658,MXN397977,1980-10-02,
Omar Kurniawan,EMP-2025-6060,3251992108817326,OQI018421,1981-08-21,1
Galih Saputra,EMP-2025-8085,7593730109810966,KTV354067,1981-09-01,1
Citra Susanto,EMP-2025-7914,6184310809897560,XL3717149,1989-09-08,1
Lestari Pertiwi,EMP-2025-8964,7422811007042292,KHL78238,2004-07-10,0
Ahmad Nurhaliza,EMP-2025-8510,3438672702796083,MFI174314,1979-02-27,
Candra Anggraini,EMP-2025-7514,3526892703698811,CQP352692,1969-03-27,
Mira Suryanto,EMP-2025-9194,3648802912964174,CD2217573,1996-12-29,1
Candra Hermawan,EMP-2025-0044,7686610508792755,ZC1400918,1979-08-05,1
Kiki Budiman,EMP-2025-9178,6139650405713945,JKM83062,1971-05-04,
Wati Saputri,EMP-2025-7236,3692191601009184,SGD61887,2000-01-16,1
Ahmad Suryanto,EMP-2025-6131,3579721312776267,YZ4503032,1977-12-13,1
Jihan Lestari,EMP-2025-0720,3283360710036526,HBO899644,2003-10-07,0
Budi Simatupang,EMP-2025-2157,3248042307742899,KV4738286,1974-07-23,
Maya Rahayu,EMP-2025-0233,6191220309938460,KRB857042,1993-09-03,
Mira Pertiwi,EMP-2025-4486,7323820702615099,DMV541071,1961-02-07,0
Bayu Rahman,EMP-2025-1332,3402280106947543,IR7733225,1994-06-01,0
Joko Saputra,EMP-2025-7203,3626231104874250,CJJ86195,1987-04-11,
Hadi Wulandari,EMP-2025-3399,3590560912914730,SNV07240,1991-12-09,
Vina Simatupang,EMP-2025-5292,3461182509029615,ORX76804,2002-09-25,
Nita Simatupang,EMP-2025-7649,3324461704882667,TL567427,1988-04-17,1
Lestari Nugroho,EMP-2025-1768,7339060111818307,LHP113565,1981-11-01,0
Candra Sari,EMP-2025-5068,3485432208651482,UL4621318,1965-08-22,
Gina Setiawan,EMP-2025-7821,3520882305940082,IM696877,1994-05-23,0
Omar Suryanto,EMP-2025-4640,6198180909965360,PNJ267338,1996-09-09,1
Qori Budiman,EMP-2025-3080,3383301503738192,FL311364,1973-03-15,1
Galih Pertiwi,EMP-2025-7618,3421512503071744,JT803534,2007-03-25,
Hadi Lestari,EMP-2025-6963,7355991509654964,TDU57789,1965-09-15,0
Hadi Dewi,EMP-2025-2464,7369982103951311,IY187402,1995-03-21,1
Nita Wijaya,EMP-2025-6975,7447071212934135,RTA13036,1993-12-12,1
Indra Anggraini,EMP-2025-2872,3269951205964074,ND6429628,1996-05-12,1
Fitri Kurniawan,EMP-2025-2405,3210420504940628,JZ3634177,1994-04-05,1
Citra Suryanto,EMP-2025-8423,3325742403844968,SB292615,1984-03-24,1
Oki Sari,EMP-2025-6672,3487371204850083,AK2476027,1985-04-12,
Nia Saputra,EMP-2025-6894,3694922102029633,OMO33447,2002-02-21,
Erna Santoso,EMP-2025-0529,3487500310836602,QO075374,1983-10-03,0
Hadi Wijaya,EMP-2025-7071,7675221205929256,ZAZ93539,1992-05-12,1
Prima Simatupang,EMP-2025-2607,3528151010862927,OJF33189,1986-10-10,
Gina Setiawan,EMP-2025-8108,7569510401816619,HYE408766,1981-01-04,
Fitri Budiman,EMP-2025-3674,7354530510770476,PN5793254,1977-10-05,1
Eko Susanto,EMP-2025-8378,3296772909959045,WE724711,1995-09-29,0
Eko Santoso,EMP-2025-9884,3574600401024015,ZUZ888927,2002-01-04,
Devi Nurhaliza,EMP-2025-7704,3288870904978516,BKG769748,1997-04-09,1
Vina Pertiwi,EMP-2025-7022,3247521609067210,CW7361242,2006-09-16,
Oki Susanto,EMP-2025-4260,3359913011044010,HLU55712,2004-11-30,1
Tono Utomo,EMP-2025-2594,7647921012865025,MLH123602,1986-12-10,
Indra Purnomo,EMP-2025-6650,3234471106068468,QEI555396,2006-06-11,0
Indra Susanto,EMP-2025-3684,7449021608665610,FDP634998,1966-08-16,0
Putri Rahman,EMP-2025-1620,3547860610636529,NHZ905227,1963-10-06,
Gina Saputra,EMP-2025-4547,7423062808849044,TT9132274,1984-08-28,0
Dian Nugroho,EMP-2025-1908,6182100906787837,CFO520497,1978-06-09,
Rina Hermawan,EMP-2025-4125,3576823009010009,PME59282,2001-09-30,
Dian Simatupang,EMP-2025-2985,7540811704001827,AXN10439,2000-04-17,
Andi Lestari,EMP-2025-3494,7524252707703798,NIN692631,1970-07-27,0
Tono Simatupang,EMP-2025-8462,3479852911745336,QUU22983,1974-11-29,
Maya Wati,EMP-2025-6969,6196412802015047,TAY938970,2001-02-28,
Mira Purnomo,EMP-2025-7005,3638480912625274,IOF642017,1962-12-09,0
Bayu Kurniawan,EMP-2025-4590,7389910507044094,BBI42480,2004-07-05,0
Uci Budiman,EMP-2025-1442,3476390410789206,GOT58617,1978-10-04,1
Galih Lestari,EMP-2025-7674,7496280205775264,LI270143,1977-05-02,0
Lestari Sari,EMP-2025-9269,7508662804940266,ZYW74567,1994-04-28,
Vina Sari,EMP-2025-9404,3369211911061438,PZT84891,2006-11-19,0
Maya Nugroho,EMP-2025-6578,7644591008990352,AVA318575,1999-08-10,
Tono Kusuma,EMP-2025-2430,6192740407743095,IC7593322,1974-07-04,1
Zaki Anggraini,EMP-2025-7204,3630281009920448,VJ882041,1992-09-10,0
Qori Wulandari,EMP-2025-2669,3323652502071994,DM731973,2007-02-25,0
Fajar Santoso,EMP-2025-6559,7403012811946882,JY4839063,1994-11-28,1
Bayu Kurniawan,EMP-2025-9251,6106192602832906,DE708863,1983-02-26,0
Budi Lestari,EMP-2025-2976,7323230505072481,WCE24386,2007-05-05,0
Bayu Dewi,EMP-2025-6680,6104612011632365,OT1080914,1963-11-20,
Lestari Wati,EMP-2025-7803,7418781711605103,XGI96048,1960-11-17,0
Indra Anggraini,EMP-2025-1347,3566171008733696,SH2273745,1973-08-10,1
Ahmad Anggraini,EMP-2025-9493,3442550906942380,TU7906823,1994-06-09,1
Vina Lestari,EMP-2025-3520,7445251703977408,QOD65391,1997-03-17,1
Wati Nurhaliza,EMP-2025-8505,7559852206695610,BJQ098171,1969-06-22,1
Jihan Handayani,EMP-2025-6514,7371110402062992,DR1757550,2006-02-04,
Andi Nurhaliza,EMP-2025-2601,3589681110756136,RQ8719682,1975-10-11,1
Ika Utomo,EMP-2025-2231,7554612010025275,AGO27507,2002-10-20,1
Joko Wati,EMP-2025-6866,3498320112952613,PGJ928179,1995-12-01,1
Vina Susanto,EMP-2025-1922,3487361203900177,NUP621740,1990-03-12,1
Yani Rahman,EMP-2025-6979,3249330912707644,WR721965,1970-12-09,
Galih Rahman,EMP-2025-1724,7490562408980929,VTX48901,1998-08-24,
Gina Wijaya,EMP-2025-1704,7429762409994355,OVJ01860,1999-09-24,0
Lestari Kusuma,EMP-2025-0654,6175872908986452,QLL986760,1998-08-29,0
Kiki Wati,EMP-2025-7482,6113381610970465,JRJ273667,1997-10-16,
Prima Kusuma,EMP-2025-2819,7583422610965711,WIQ339046,1996-10-26,1
Sari Nugroho,EMP-2025-5522,3534911305045745,XTY01356,2004-05-13,
Sari Suryanto,EMP-2025-1530,7523511808673255,SX813313,1967-08-18,
Joko Santoso,EMP-2025-4029,3342290807000669,RH262848,2000-07-08,1
Qori Maharani,EMP-2025-6792,3503790303047192,KW689779,2004-03-03,1
Nita Rahman,EMP-2025-2204,6131410611921263,WZG099751,1992-11-06,
Fajar Dewi,EMP-2025-4410,6192902711807624,LL090468,1980-11-27,
Tono Saputra,EMP-2025-4524,3409881108921072,YSS47136,1992-08-11,
Kiki Saputri,EMP-2025-2364,3643302105066671,WZB57004,2006-05-21,0
Ika Dewi,EMP-2025-0484,3577982611762970,SIC59346,1976-11-26,1
Nita Pratama,EMP-2025-7052,3413400409922907,MEK360402,1992-09-04,
Jihan Wati,EMP-2025-0029,3288482005692761,AK8530164,1969-05-20,1
Hadi Lestari,EMP-2025-2899,3388202005949405,SWE846987,1994-05-20,1
Hadi Hermawan,EMP-2025-8495,3614453112769669,XM9999534,1976-12-31,
Indra Sari,EMP-2025-3924,3344321608932317,EKJ89780,1993-08-16,
Fajar Suryanto,EMP-2025-8952,6168731408076459,HD2643443,2007-08-14,1
Devi Kurniawan,EMP-2025-8644,3664993107860904,EC6750319,1986-07-31,
Zaki Wati,EMP-2025-6076,7395662310768336,XC8702260,1976-10-23,
Prima Nurhaliza,EMP-2025-2901,3338012005825420,VJV156296,1982-05-20,0
Ika Hermawan,EMP-2025-6778,3653892509616814,HXV20607,1961-09-25,
Lestari Hidayat,EMP-2025-2604,3510822901711889,BNE97622,1971-01-29,0
Eko Rahman,EMP-2025-8159,3351262907689090,DZ410306,1968-07-29,1
Lina Handayani,EMP-2025-9782,7648571508737243,RN7700182,1973-08-15,1
Indra Nurhaliza,EMP-2025-2509,3583080312956227,NFQ64802,1995-12-03,
Devi Kurniawan,EMP-2025-1825,3419712104890930,KN7309600,1989-04-21,1
Galih Suryanto,EMP-2025-8939,7616292212639235,AV962647,1963-12-22,1
Joko Pratama,EMP-2025-7442,6182592010032510,FHT98308,2003-10-20,1
Andi Utomo,EMP-2025-2049,7391700603816591,FKW74333,1981-03-06,
Joko Purnomo,EMP-2025-9313,7527321204803129,YS957462,1980-04-12,0
Lina Hidayat,EMP-2025-0834,7584580410876753,FO6949025,1987-10-04,
Gina Lestari,EMP-2025-3241,7699201311969422,KM7467560,1996-11-13,0
Vina Rahayu,EMP-2025-1474,3303021907655432,YJT306394,1965-07-19,0
Joko Fitriani,EMP-2025-2675,3639132502752491,DXK62821,1975-02-25,1
Lestari Handayani,EMP-2025-7747,3397062412726242,MTP95189,1972-12-24,1
Galih Santoso,EMP-2025-4917,3348091809762211,XCY937906,1976-09-18,
Candra Simatupang,EMP-2025-3147,7654223107934141,ZXA90234,1993-07-31,0
Zaki Simatupang,EMP-2025-5455,3696982911011315,DZ7039306,2001-11-29,1
Hadi Santoso,EMP-2025-5673,7555530507912169,OMG90635,1991-07-05,0
Prima Budiman,EMP-2025-1065,3332101409766118,OG8008861,1976-09-14,1
Uci Pertiwi,EMP-2025-2273,6186140410710921,XY0907200,1971-10-04,
Lestari Wati,EMP-2025-3049,3561260204059920,HRW450928,2005-04-02,
Putri Wulandari,EMP-2025-3065,3390981308673084,TFK65248,1967-08-13,0
Fitri Simatupang,EMP-2025-1010,3637971404751060,MX6807707,1975-04-14,
Kiki Pratama,EMP-2025-4300,6190882209669326,LTM34572,1966-09-22,
Prima Utomo,EMP-2025-6607,6153602603025315,WMD40139,2002-03-26,1
Kurnia Hidayat,EMP-2025-9715,6102562504762475,FA130339,1976-04-25,0
Galih Lestari,EMP-2025-7129,3563780508057092,MR903422,2005-08-05,0
Fajar Sari,EMP-2025-5548,7363021206882599,RLD533615,1988-06-12,0
Uci Lestari,EMP-2025-5345,7448542311823432,XX755311,1982-11-23,
Rina Sari,EMP-2025-8006,7630912901824082,XIW76046,1982-01-29,1
Nita Susanto,EMP-2025-5961,7325990508852345,MF3841239,1985-08-05,
Bayu Sari,EMP-2025-0993,3583251308714844,NN7480210,1971-08-13,1
Budi Wijaya,EMP-2025-2572,7419580202959098,TCH16253,1995-02-02,0
Lestari Pratama,EMP-2025-5166,6171622611932323,OQQ16763,1993-11-26,
Galih Setiawan,EMP-2025-1047,3293922408728138,DC9279347,1972-08-24,
Oki Purnomo,EMP-2025-8981,3268540405962540,VL7820606,1996-05-04,0
Maya Anggraini,EMP-2025-2256,3229980809812501,ITR520740,1981-09-08,0
Zaki Kusuma,EMP-2025-5725,3530752711040118,PJ3106623,2004-11-27,0
Nia Wati,EMP-2025-4266,7633431905785359,DHA21319,1978-05-19,
Nia Purnomo,EMP-2025-4971,3689871701809720,MQF20088,1980-01-17,
Budi Suryanto,EMP-2025-9861,7393422211016403,XM769010,2001-11-22,0
Hadi Nurhaliza,EMP-2025-6250,3236011501887292,CJ9732620,1988-01-15,0
Joko Wati,EMP-2025-7808,3659271108710498,AC4862050,1971-08-11,0
Rina Santoso,EMP-2025-8150,7387490107630609,VKZ698772,1963-07-01,
Yani Saputri,EMP-2025-0723,3625310201010032,OSU203853,2001-01-02,
Nita Hidayat,EMP-2025-2851,7519420512916669,JZT874534,1991-12-05,0
Nia Kurniawan,EMP-2025-8835,6146830309027386,XI5581718,2002-09-03,
Hadi Simatupang,EMP-2025-8913,7311540811708215,NO961273,1970-11-08,
Hana Lestari,EMP-2025-3590,6171513009076436,TRZ648810,2007-09-30,0
Qori Gunawan,EMP-2025-6654,7419102604883963,VOC001170,1988-04-26,0
Wati Santoso,EMP-2025-9791,7346852012960174,IJH65694,1996-12-20,1
Fitri Rahman,EMP-2025-9620,7450971008696926,YRZ04945,1969-08-10,
Budi Fitriani,EMP-2025-9890,3359493101913955,AIU24018,1991-01-31,
Kiki Pratama,EMP-2025-4502,7409652701777589,UNS56492,1977-01-27,1
Vina Dewi,EMP-2025-1259,7643552708702537,MG789701,1970-08-27,
Gina Maharani,EMP-2025-1664,7664301509001903,DT4360566,2000-09-15,1
Fitri Anggraini,EMP-2025-1068,3236561209981097,GY452910,1998-09-12,0
Andi Santoso,EMP-2025-4310,3558852204949132,BUE10237,1994-04-22,1
Gina Kusuma,EMP-2025-4357,3266020612708595,HV988144,1970-12-06,1
Devi Nugroho,EMP-2025-2081,7582810603672394,WB5278322,1967-03-06,1
Putri Suryanto,EMP-2025-6123,3242511904633156,LVF495486,1963-04-19,
Jihan Suryanto,EMP-2025-9828,3664992007677091,KO7022693,1967-07-20,1
Sari Suryanto,EMP-2025-9660,3661662907046326,MC956069,2004-07-29,
Ika Lestari,EMP-2025-3134,3541421804829274,ZEI25616,1982-04-18,
Lina Susanto,EMP-2025-9059,3625883103938893,FMN786278,1993-03-31,
Qori Fitriani,EMP-2025-4436,7448321312957936,NDP13530,1995-12-13,1
Yani Nugroho,EMP-2025-9298,7471750309858375,FBL54311,1985-09-03,0
Omar Saputri,EMP-2025-8770,3209361606708987,DCT28503,1970-06-16,1
Omar Santoso,EMP-2025-9891,3656312906813612,YJG532882,1981-06-29,0
Mira Dewi,EMP-2025-2041,3374950501857967,GK4112123,1985-01-05,
Galih Maharani,EMP-2025-1344,7358282408811645,SLT87072,1981-08-24,
Sari Susanto,EMP-2025-6356,6142030208058316,PJS14232,2005-08-02,0
Candra Hidayat,EMP-2025-3999,7377612912629230,LU530444,1962-12-29,1
Kurnia Pratama,EMP-2025-2591,3535471702847841,FP8937090,1984-02-17,1
Lina Nurhaliza,EMP-2025-4804,3368331906012442,WH2352006,2001-06-19,
Ahmad Simatupang,EMP-2025-3202,7455220401820282,BC5753151,1982-01-04,0
Hadi Rahayu,EMP-2025-0932,3666030210058266,DBE263744,2005-10-02,0
Indra Handayani,EMP-2025-6184,3482781008641099,AL635459,1964-08-10,
Zaki Nurhaliza,EMP-2025-8577,7692960203974120,EWD253264,1997-03-02,1
Galih Setiawan,EMP-2025-3532,3241632308780263,UTL632024,1978-08-23,1
Wati Kurniawan,EMP-2025-6813,7448271905022137,GD2043645,2002-05-19,
Budi Gunawan,EMP-2025-5776,7562063010031111,FXE172025,2003-10-30,1
Lestari Wulandari,EMP-2025-4669,6179591012915351,BND74565,1991-12-10,0
Maya Maharani,EMP-2025-2359,3449431104004377,TF220014,2000-04-11,0
Erna Lestari,EMP-2025-0010,7371731509833451,EA729161,1983-09-15,1
Rina Simatupang,EMP-2025-9455,7694481911024229,QIE87284,2002-11-19,
Jihan Wulandari,EMP-2025-9695,3664931402970841,UGV829410,1997-02-14,1
Budi Simatupang,EMP-2025-5427,7396520706989283,CEM790444,1998-06-07,1
Gina Sari,EMP-2025-6494,3340311806048059,KW283558,2004-06-18,0
Fitri Pratama,EMP-2025-1513,3220700604998072,ZA0286966,1999-04-06,0
Eko Kurniawan,EMP-2025-1350,3643132304649550,PV7884228,1964-04-23,
Hana Nurhaliza,EMP-2025-2579,3618091704029932,MF086683,2002-04-17,1
Vina Rahayu,EMP-2025-3450,7354312507885352,LS0511410,1988-07-25,1
Eko Pratama,EMP-2025-6716,7631920801047133,YR924011,2004-01-08,0
Kiki Budiman,EMP-2025-6513,3650241606057595,LVT69781,2005-06-16,1
Omar Handayani,EMP-2025-0689,7312633010902428,GP974767,1990-10-30,1
Citra Gunawan,EMP-2025-3459,3214620810053305,IR589664,2005-10-08,
Uci Kurniawan,EMP-2025-4662,7671380610010730,APZ489962,2001-10-06,
Rina Saputra,EMP-2025-3760,3558340310870635,KAF943498,1987-10-03,
Lina Saputra,EMP-2025-0839,7303651404889835,ZFR78937,1988-04-14,
Kiki Handayani,EMP-2025-5387,3502880705991306,YA9712214,1999-05-07,0
Hana Nugroho,EMP-2025-2549,3640702012661249,WA0772173,1966-12-20,
Fitri Sari,EMP-2025-1365,7466162812034560,UJK520987,2003-12-28,0
Andi Wati,EMP-2025-3182,3444212708078763,ZTJ87487,2007-08-27,0
Maya Santoso,EMP-2025-1097,3580820803049607,VY543380,2004-03-08,
Kurnia Saputri,EMP-2025-6809,6103862803945550,ZW1057545,1994-03-28,1
Rina Simatupang,EMP-2025-5113,3380050504894032,HWB69689,1989-04-05,1
Gina Hidayat,EMP-2025-5053,3368472207678164,KAH789683,1967-07-22,1
Andi Nugroho,EMP-2025-1292,6116241111799540,BI8556252,1979-11-11,0
Kurnia Susanto,EMP-2025-0853,3654121809904409,BY1443525,1990-09-18,0
Rina Anggraini,EMP-2025-1702,3343220406779323,MS1985905,1977-06-04,
Hadi Rahayu,EMP-2025-7041,3564712702820973,PK345922,1982-02-27,1
Putri Saputri,EMP-2025-1878,3683781806050024,PTR859272,2005-06-18,0
Yani Simatupang,EMP-2025-4531,3388512809723574,OQ8012177,1972-09-28,1
Devi Saputri,EMP-2025-3303,7385672906857265,FJ4942417,1985-06-29,1
Rina Kurniawan,EMP-2025-4706,7538272611971810,HE4704322,1997-11-26,1
Yani Wulandari,EMP-2025-7179,7335212911033614,AG395612,2003-11-29,1
Indra Fitriani,EMP-2025-6615,3335852502075083,BY2287656,2007-02-25,0
Andi Hermawan,EMP-2025-5364,7468011103740321,OAF774621,1974-03-11,
Eko Wijaya,EMP-2025-7731,7673460806696225,XI375445,1969-06-08,
Ahmad Fitriani,EMP-2025-7653,3430530110643359,NTC72230,1964-10-01,
Rina Saputra,EMP-2025-1532,7316360403013426,YPC75670,2001-03-04,0
Gina Pertiwi,EMP-2025-1640,3263280510975419,NF069751,1997-10-05,
Nia Handayani,EMP-2025-3838,3286360202782820,TF1204607,1978-02-02,
Oki Rahayu,EMP-2025-7762,3688561608741037,AJN17211,1974-08-16,0
Andi Nurhaliza,EMP-2025-9737,3692670506907423,YL222770,1990-06-05,1
Oki Lestari,EMP-2025-0882,7560120103712078,TN5367801,1971-03-01,0
Ika Lestari,EMP-2025-8832,3507662106673957,IN258048,1967-06-21,0
Budi Dewi,EMP-2025-6917,3367190107001171,TI6930006,2000-07-01,
Joko Handayani,EMP-2025-1329,3211421208759599,RM4860690,1975-08-12,1
Sari Wulandari,EMP-2025-4787,7387151201064750,EOD25718,2006-01-12,
Rina Wulandari,EMP-2025-8310,3241491811020662,MBB83607,2002-11-18,0
Kurnia Rahayu,EMP-2025-6767,7349730511713864,UN303157,1971-11-05,0
Indra Wijaya,EMP-2025-6721,7407532106793939,QUA108982,1979-06-21,
Eko Utomo,EMP-2025-2908,7595011404844238,MYN71632,1984-04-14,
Gina Nurhaliza,EMP-2025-8548,7380871804872800,KEG71784,1987-04-18,1
Lina Nurhaliza,EMP-2025-6388,3360062710954778,JT804263,1995-10-27,0
Rina Simatupang,EMP-2025-5042,3286111912026182,UWN773551,2002-12-19,
Mira Simatupang,EMP-2025-0616,3460790305665570,RBW229815,1966-05-03,
Prima Hermawan,EMP-2025-1675,3351942009802317,CP775615,1980-09-20,0
Erna Budiman,EMP-2025-3699,7428182302975293,WW9965733,1997-02-23,
Zaki Simatupang,EMP-2025-3029,7371932607610175,VZ5345850,1961-07-26,1
Eko Lestari,EMP-2025-1962,7434940604869767,XWR37103,1986-04-06,0
Nia Suryanto,EMP-2025-4789,7582992007861784,GN857417,1986-07-20,
Yani Pertiwi,EMP-2025-4506,7519101105827394,IBG682547,1982-05-11,0
Yani Setiawan,EMP-2025-7134,6131641804967024,NC4899808,1996-04-18,1
Candra Anggraini,EMP-2025-2524,7612980604636329,BYF723045,1963-04-06,0
Dian Nugroho,EMP-2025-2337,7481632411989198,ZV702805,1998-11-24,0
Devi Wulandari,EMP-2025-8661,6139310708039016,KF611360,2003-08-07,1
Prima Maharani,EMP-2025-4682,7675911908664741,YS951776,1966-08-19,
Sari Santoso,EMP-2025-9907,7649852905879056,CND56515,1987-05-29,
Budi Saputra,EMP-2025-3120,3673800504782870,EU2194594,1978-04-05,1
Yani Pertiwi,EMP-2025-6844,3451821805717491,QE3975266,1971-05-18,0
Andi Anggraini,EMP-2025-0051,7518852105624665,YXD954087,1962-05-21,1
Maya Lestari,EMP-2025-9022,7587190710994359,OIQ044661,1999-10-07,
Kiki Purnomo,EMP-2025-4376,6174440708714128,OGU82888,1971-08-07,0
Vina Kurniawan,EMP-2025-9837,3201860212067115,XKZ875068,2006-12-02,0
Bayu Pertiwi,EMP-2025-1313,3209490211654576,QBT478589,1965-11-02,0
Bayu Hermawan,EMP-2025-4426,3294480608804585,XL309877,1980-08-06,0
Indra Hermawan,EMP-2025-1509,7618452407629101,SVX959070,1962-07-24,
Fitri Gunawan,EMP-2025-7437,3609251408783321,CD392944,1978-08-14,0
Wati Setiawan,EMP-2025-9879,3522870812691288,AC256145,1969-12-08,0
Candra Hidayat,EMP-2025-4862,3528582606678933,GBY08208,1967-06-26,1
Kiki Pertiwi,EMP-2025-1665,3231581303794099,MCD74590,1979-03-13,0
Candra Dewi,EMP-2025-3169,7476690603771677,NZE74762,1977-03-06,0
Candra Setiawan,EMP-2025-8905,7532151701072904,KIO90757,2007-01-17,
Oki Pertiwi,EMP-2025-8135,3359621804666598,XN8073161,1966-04-18,1
Lina Sari,EMP-2025-5998,6187211907686445,UO964106,1968-07-19,
Ika Susanto,EMP-2025-9735,3442730707967483,ON265789,1996-07-07,0
Wati Gunawan,EMP-2025-7097,6105780706818885,NHD86500,1981-06-07,
Omar Gunawan,EMP-2025-1502,7565591101647232,YGO31760,1964-01-11,1
Lestari Wati,EMP-2025-8109,7310790607667560,JDQ57183,1966-07-06,1
Zaki Setiawan,EMP-2025-0011,3283691405898592,QRU02083,1989-05-14,
Maya Utomo,EMP-2025-0628,7643881310019326,RE7332935,2001-10-13,1
Uci Kusuma,EMP-2025-8728,7638241012822181,UVF595142,1982-12-10,
Hana Wijaya,EMP-2025-6375,6193621010765626,ZE8257329,1976-10-10,
Tono Pertiwi,EMP-2025-8503,7348471202638023,YYO677220,1963-02-12,
Tono Sari,EMP-2025-7885,3387660207671855,EFV52082,1967-07-02,1
Citra Santoso,EMP-2025-1757,3659141702905371,SJ8485248,1990-02-17,
Ika Nugroho,EMP-2025-1428,3620900908704645,UE691540,1970-08-09,1
Dian Saputra,EMP-2025-8426,3235471606723851,KXY49854,1972-06-16,1
Omar Nurhaliza,EMP-2025-5536,3639222003738073,ZXH74387,1973-03-20,0
Putri Utomo,EMP-2025-7015,7517391806711360,AYA083262,1971-06-18,
Indra Suryanto,EMP-2025-0092,3342411001673414,IAF51138,1967-01-10,1
Kiki Fitriani,EMP-2025-8186,7376803010042361,KX724718,2004-10-30,1
Ahmad Susanto,EMP-2025-8903,3627093005802833,TE1686660,1980-05-30,0
Wati Purnomo,EMP-2025-2624,7532541005848021,SM5747611,1984-05-10,1
Kurnia Rahman,EMP-2025-4353,6134962505939209,DEO365764,1993-05-25,
Budi Simatupang,EMP-2025-1982,3351071002777202,ELF77969,1977-02-10,0
Putri Lestari,EMP-2025-2805,3420740901806750,TU6252167,1980-01-09,
Qori Anggraini,EMP-2025-6847,7527411406884371,MQ282952,1988-06-14,1
Hadi Wati,EMP-2025-7321,7692930704712957,AOL029454,1971-04-07,1
Citra Hidayat,EMP-2025-2141,6118751605073982,AR1377010,2007-05-16,
Citra Wati,EMP-2025-8249,7478880208028498,JFT63259,2002-08-02,0
Lestari Kusuma,EMP-2025-9383,3639311208951344,CBV985907,1995-08-12,
Galih Sari,EMP-2025-4961,7696452112621516,MQ0895906,1962-12-21,
Hadi Wijaya,EMP-2025-2487,3319512702652473,FD471176,1965-02-27,1
Lestari Wati,EMP-2025-0523,7314171001770686,DIT91670,1977-01-10,1
Indra Utomo,EMP-2025-7461,7344270701622931,UCT10053,1962-01-07,1
Ahmad Lestari,EMP-2025-2460,3274861302902206,JAV739780,1990-02-13,0
Tono Nugroho,EMP-2025-8136,7677452504729560,UF124333,1972-04-25,0
Omar Pratama,EMP-2025-0421,3504341607672559,ZY164521,1967-07-16,1
Sari Pratama,EMP-2025-3739,3356552810626756,DH3288662,1962-10-28,0
Putri Hidayat,EMP-2025-8133,3216032505936645,JXI357328,1993-05-25,1
Gina Gunawan,EMP-2025-0045,3318332903027114,BB7500975,2002-03-29,1
Erna Sari,EMP-2025-6944,3698120709042653,ON410797,2004-09-07,0
Andi Kusuma,EMP-2025-4039,7506531406011666,MF9829941,2001-06-14,0
Maya Suryanto,EMP-2025-5717,3504030711992978,LSP01016,1999-11-07,1
Tono Budiman,EMP-2025-7157,3457332401006450,CP8640944,2000-01-24,1
Kurnia Sari,EMP-2025-0829,7604972511661909,PRD07227,1966-11-25,
Galih Fitriani,EMP-2025-0050,7697903012849408,GZB065828,1984-12-30,1
Joko Wati,EMP-2025-3255,7668641811801067,PRV67199,1980-11-18,1
Lestari Fitriani,EMP-2025-4361,3607631411039356,GE426552,2003-11-14,0
Devi Kurniawan,EMP-2025-2706,7658022910664328,WYD458510,1966-10-29,0
Hana Pertiwi,EMP-2025-8942,3281850502841558,GR980408,1984-02-05,
Dian Wulandari,EMP-2025-8956,3685662207631157,XHD483595,1963-07-22,1
Fitri Fitriani,EMP-2025-4252,7402701804761012,KI8115247,1976-04-18,0
Rina Pratama,EMP-2025-9829,7564872701852710,ONM59946,1985-01-27,
Zaki Handayani,EMP-2025-1449,6130922405714238,CLM128653,1971-05-24,0
Rina Gunawan,EMP-2025-4799,7475851407962978,XY835794,1996-07-14,
Ahmad Wulandari,EMP-2025-2506,3620092308000191,CDZ52625,2000-08-23,
Budi Suryanto,EMP-2025-8222,3535691709968728,PW9319560,1996-09-17,0
Vina Kusuma,EMP-2025-9610,3339102101801851,JT9871278,1980-01-21,0
Gina Maharani,EMP-2025-6564,3233423008061547,USX92311,2006-08-30,1
Nita Saputra,EMP-2025-0463,3225900310864483,KBT89057,1986-10-03,
Andi Pertiwi,EMP-2025-7565,7581062601616566,CC481231,1961-01-26,1
Ika Saputri,EMP-2025-6486,3670552502839532,INO359801,1983-02-25,
Kurnia Lestari,EMP-2025-4037,3408880509035920,XBC06085,2003-09-05,1
Ika Nurhaliza,EMP-2025-2061,3554411102836731,NG530065,1983-02-11,
Tono Simatupang,EMP-2025-6166,7633231001654806,RHX44341,1965-01-10,1
Putri Dewi,EMP-2025-8807,6163972607005570,OU791564,2000-07-26,1
Candra Kusuma,EMP-2025-6861,3652492007723020,SBK63909,1972-07-20,0
Lina Hidayat,EMP-2025-7405,3323201503872967,ZMR47631,1987-03-15,
Maya Dewi,EMP-2025-8740,3312482212054116,ZAX159445,2005-12-22,0
Kiki Pratama,EMP-2025-0224,3474771812927276,LZK86411,1992-12-18,0
Lina Nurhaliza,EMP-2025-3736,7533300610035606,IPK438199,2003-10-06,0
Joko Dewi,EMP-2025-5314,3386720509818249,JTY092624,1981-09-05,0
Andi Nugroho,EMP-2025-7332,3315180703782526,UPT66804,1978-03-07,0
Eko Suryanto,EMP-2025-2781,3586382809758017,EV688305,1975-09-28,1
Prima Saputri,EMP-2025-0544,3506333004903185,PUF283230,1990-04-30,0
Jihan Wati,EMP-2025-7769,7509921605967218,NBL226320,1996-05-16,
Qori Dewi,EMP-2025-3563,6189091006039876,SOA25145,2003-06-10,
Ika Hidayat,EMP-2025-8646,7380733012989607,XT3947818,1998-12-30,1
Kurnia Purnomo,EMP-2025-2868,3505121001954140,DFO512519,1995-01-10,0
Indra Setiawan,EMP-2025-8472,7321733108792825,SO1180280,1979-08-31,1
Kurnia Nurhaliza,EMP-2025-8322,7349151711640489,SDO13007,1964-11-17,1
Citra Santoso,EMP-2025-7907,3583110708060777,KTW138587,2006-08-07,0
Zaki Maharani,EMP-2025-0058,3259973101972989,VHI40064,1997-01-31,1
Rina Nugroho,EMP-2025-4901,3310022701966078,SS9043389,1996-01-27,
Erna Lestari,EMP-2025-9203,7406670103626018,LO537543,1962-03-01,0
Eko Anggraini,EMP-2025-9101,7530701409999143,MZ700843,1999-09-14,1
Tono Sari,EMP-2025-0365,7303892001822073,DW495583,1982-01-20,
Nita Kusuma,EMP-2025-1194,3298741711932281,JNZ447612,1993-11-17,0
Qori Saputri,EMP-2025-1506,3370871710734593,YLE645007,1973-10-17,
Yani Purnomo,EMP-2025-5679,6135170404709070,JVB71818,1970-04-04,0
Lina Wulandari,EMP-2025-6543,7603941304651039,YX201828,1965-04-13,0
Jihan Fitriani,EMP-2025-0958,7579420712850083,MQ1240909,1985-12-07,1
Fitri Saputri,EMP-2025-0967,3262090602665758,DJ6881801,1966-02-06,0
Fitri Susanto,EMP-2025-3271,6130570408659331,AB560498,1965-08-04,
Fajar Nugroho,EMP-2025-3720,7640720403904802,UN558412,1990-03-04,0
Lina Sari,EMP-2025-3313,7394122712062315,VCX031764,2006-12-27,1
Maya Anggraini,EMP-2025-4195,3628940802937174,IX542504,1993-02-08,
Ika Saputra,EMP-2025-8248,3592331009878880,OZ839992,1987-09-10,0
Nita Pratama,EMP-2025-4534,6143071310007280,KL333218,2000-10-13,
Budi Utomo,EMP-2025-8084,6199420506700697,SRP001790,1970-06-05,1
Ahmad Susanto,EMP-2025-2903,3691572009950885,QK939296,1995-09-20,0
Mira Hidayat,EMP-2025-5855,3424571712889272,AW0127189,1988-12-17,1
Budi Fitriani,EMP-2025-0719,7644051202004629,CLE459753,2000-02-12,0
Sari Sari,EMP-2025-3543,3307021701964717,UAR039845,1996-01-17,0
Galih Anggraini,EMP-2025-5519,7539812503693628,YJ9630304,1969-03-25,
Ika Rahayu,EMP-2025-7021,3283030207969359,BK406242,1996-07-02,0
Ahmad Sari,EMP-2025-6144,3573370205889520,AK381326,1988-05-02,1
Vina Dewi,EMP-2025-3009,3549411409832131,CNE665722,1983-09-14,0
Andi Gunawan,EMP-2025-0653,3302950609639361,VBG52190,1963-09-06,0
Candra Nurhaliza,EMP-2025-7480,3479012901865481,TZO35117,1986-01-29,0
Ika Santoso,EMP-2025-2936,7306301605826867,XD312986,1982-05-16,1
Indra Anggraini,EMP-2025-9024,3312451105753698,EL0771397,1975-05-11,1
Fajar Kusuma,EMP-2025-1744,3288471604697107,NF357854,1969-04-16,
Lina Lestari,EMP-2025-0825,3349720603070729,XMT096194,2007-03-06,
Ika Hermawan,EMP-2025-8420,3643401008651573,ET0122199,1965-08-10,0
Ika Saputri,EMP-2025-7984,3233121409854567,RTY099577,1985-09-14,
Citra Susanto,EMP-2025-4539,3217051906790831,FD481827,1979-06-19,0
Mira Wijaya,EMP-2025-6671,7512542911900771,KAZ372843,1990-11-29,
Hadi Budiman,EMP-2025-2653,7529171003670376,KW4368175,1967-03-10,0
Bayu Kurniawan,EMP-2025-6343,3632952607851096,EOU940048,1985-07-26,1
Citra Gunawan,EMP-2025-6456,7497061103953832,CN305773,1995-03-11,1
Hadi Sari,EMP-2025-3090,7326881304889907,OI634111,1988-04-13,1
Bayu Utomo,EMP-2025-5629,3433280609972252,GDR549967,1997-09-06,
Yani Hermawan,EMP-2025-9354,3593402905689844,GFI879249,1968-05-29,0
Rina Handayani,EMP-2025-4272,6169312812804023,YA0736409,1980-12-28,1
Putri Maharani,EMP-2025-5421,7389732811848182,KSS79931,1984-11-28,1
Ahmad Anggraini,EMP-2025-9743,7661352801966336,ZBF11206,1996-01-28,1
Erna Dewi,EMP-2025-3038,7640660109685599,PIY38182,1968-09-01,1
Tono Nugroho,EMP-2025-6305,3431481806714354,YH652898,1971-06-18,1
Kiki Utomo,EMP-2025-9283,3628922810657419,FUF067453,1965-10-28,0
Rina Dewi,EMP-2025-9126,3348941911001514,IFV71854,2000-11-19,
Andi Hermawan,EMP-2025-2681,7407150306053179,RK882445,2005-06-03,1
Yani Simatupang,EMP-2025-1827,7325252110020056,XQB88909,2002-10-21,
Nita Nurhaliza,EMP-2025-2491,7585062901640415,WED14814,1964-01-29,0
Budi Suryanto,EMP-2025-8669,7689160305806521,ME1163171,1980-05-03,
Dian Rahman,EMP-2025-5636,3474931704044033,SZ886911,2004-04-17,
Fajar Setiawan,EMP-2025-4708,7625671406760024,WRV722459,1976-06-14,0
Wati Pertiwi,EMP-2025-3071,3271592511648380,PUD810013,1964-11-25,
Nia Budiman,EMP-2025-8078,3572872203771469,XTN74371,1977-03-22,0
Andi Pratama,EMP-2025-1739,3419210306060277,GEO766819,2006-06-03,1
Andi Hermawan,EMP-2025-0808,3480440210796089,GXU82810,1979-10-02,1
Sari Hermawan,EMP-2025-3754,3614311905617956,UQI807165,1961-05-19,1
Yani Sari,EMP-2025-6327,3574931904035987,IH035796,2003-04-19,1
Lina Pratama,EMP-2025-7017,3610100807915406,AYC52353,1991-07-08,1
Candra Susanto,EMP-2025-7121,3218032707832765,RB070395,1983-07-27,
Zaki Hermawan,EMP-2025-0596,7360691507016652,FEM27914,2001-07-15,0
Budi Budiman,EMP-2025-6888,7444901106038925,GQF26633,2003-06-11,
Erna Lestari,EMP-2025-2372,7682431102773821,EP874395,1977-02-11,1
Fitri Maharani,EMP-2025-2299,7401921804650020,ZMH42443,1965-04-18,0
Omar Kusuma,EMP-2025-5417,7345550511634210,AG640795,1963-11-05,1
Bayu Hermawan,EMP-2025-9328,7411151012922251,FFS71311,1992-12-10,0
Sari Saputri,EMP-2025-4752,7339310511675145,PJH29789,1967-11-05,0
Rina Susanto,EMP-2025-1988,3691331305675003,OPG892525,1967-05-13,1
Indra Anggraini,EMP-2025-3679,3603680903762394,PN6499657,1976-03-09,1
Sari Pertiwi,EMP-2025-9356,3332211002700131,DRC74383,1970-02-10,
Lestari Pratama,EMP-2025-2162,7348442003039595,AA243916,2003-03-20,0
Fajar Budiman,EMP-2025-1881,3495462005702235,TL855156,1970-05-20,0
Nia Nurhaliza,EMP-2025-4278,7556112905801127,OES30253,1980-05-29,0
Hana Saputri,EMP-2025-4075,3553212812720549,IH460245,1972-12-28,
Qori Wati,EMP-2025-5142,7370043009639047,OH1806480,1963-09-30,0
Kiki Wati,EMP-2025-3742,3627412201662543,YEV43438,1966-01-22,0
Hadi Hermawan,EMP-2025-2234,3467201510810153,DK2822240,1981-10-15,1
Lina Fitriani,EMP-2025-2327,7447022601006994,PJV802309,2000-01-26,0
Budi Sari,EMP-2025-2796,7672992812837990,AH0549787,1983-12-28,1
Fajar Pertiwi,EMP-2025-0854,3421851009724796,BVS65798,1972-09-10,
Joko Simatupang,EMP-2025-9843,7442341312971735,YB628474,1997-12-13,
Maya Gunawan,EMP-2025-0658,3324202303899811,KTH97122,1989-03-23,
Eko Gunawan,EMP-2025-1409,3324132306721386,DL2364966,1972-06-23,0
Lina Kusuma,EMP-2025-9802,7438891901643696,JP613874,1964-01-19,0
Zaki Dewi,EMP-2025-3610,7450962608834093,EAW133385,1983-08-26,0
Vina Santoso,EMP-2025-3204,3595951312608841,ZH883845,1960-12-13,1
Nia Kusuma,EMP-2025-8315,7403222809616131,BTI46936,1961-09-28,
Joko Lestari,EMP-2025-7412,6154301011843031,MUE50035,1984-11-10,
Mira Setiawan,EMP-2025-2584,3404842811939384,PD997213,1993-11-28,0
Vina Wijaya,EMP-2025-2824,7332602408746695,RYB06606,1974-08-24,0
Eko Handayani,EMP-2025-0663,3593142810808820,HN7180808,1980-10-28,
Kurnia Saputra,EMP-2025-8820,3666850312706103,WO920713,1970-12-03,0
Zaki Pertiwi,EMP-2025-0698,7340401810720016,EYX45233,1972-10-18,1
Tono Rahayu,EMP-2025-9762,3652961209881946,SFR674101,1988-09-12,0
Rina Anggraini,EMP-2025-3555,3237210507838715,HM0848469,1983-07-05,
Maya Saputri,EMP-2025-3264,7513840104758417,TA8406100,1975-04-01,0
Bayu Kurniawan,EMP-2025-1579,7544250605963090,IB2885036,1996-05-06,
Hana Suryanto,EMP-2025-7391,3485730206660978,NLV98158,1966-06-02,1
Gina Santoso,EMP-2025-8285,3528621705971365,QWZ14259,1997-05-17,0
Budi Setiawan,EMP-2025-3296,3520851303062570,SD3177047,2006-03-13,1
Hadi Gunawan,EMP-2025-6066,7450131709646923,AX8820169,1964-09-17,
Yani Rahayu,EMP-2025-8737,3346762805989496,OH169813,1998-05-28,1
Candra Pertiwi,EMP-2025-9417,7550982102765799,DL658136,1976-02-21,
Galih Santoso,EMP-2025-9492,3298571607872237,LQ7459046,1987-07-16,
Tono Wijaya,EMP-2025-8160,3271770311015030,ORW40588,2001-11-03,1
Prima Wulandari,EMP-2025-5626,7432370712018504,KP9250206,2001-12-07,1
Qori Handayani,EMP-2025-2688,3242220506710515,DLK59052,1971-06-05,
Gina Saputra,EMP-2025-8842,3399291111609115,WU465254,1960-11-11,1
Nia Santoso,EMP-2025-6072,7331022003747325,BF774585,1974-03-20,1
Budi Pertiwi,EMP-2025-3139,7338132703849263,ZRX45547,1984-03-27,0
Ika Suryanto,EMP-2025-0512,7561213012970573,QF812939,1997-12-30,
Fajar Utomo,EMP-2025-6914,3251620206855619,VJH371335,1985-06-02,1
Uci Handayani,EMP-2025-2047,7399230605772963,IF404435,1977-05-06,
Nita Pratama,EMP-2025-1580,3577563101902798,NI892721,1990-01-31,0
Omar Handayani,EMP-2025-1114,3551172505771498,GUD44267,1977-05-25,
Yani Suryanto,EMP-2025-5321,6192872008899080,ER6373493,1989-08-20,0
Tono Gunawan,EMP-2025-0773,7409081612900856,ICL22327,1990-12-16,
Jihan Santoso,EMP-2025-9513,3615600207715840,SZL29234,1971-07-02,0
Lina Purnomo,EMP-2025-1363,3516680805806903,RG4045190,1980-05-08,
Hana Pratama,EMP-2025-7124,7426022805869091,IB1648232,1986-05-28,0
Eko Nurhaliza,EMP-2025-7838,7573141010926961,HW047953,1992-10-10,0
Jihan Susanto,EMP-2025-7046,3551181311836162,ZIP615545,1983-11-13,0
Omar Saputri,EMP-2025-9740,6121130906688853,RHH37556,1968-06-09,1
Mira Gunawan,EMP-2025-6078,7648571702769193,ISJ978014,1976-02-17,
Qori Fitriani,EMP-2025-4903,7578851506672256,QX849759,1967-06-15,1
Fitri Anggraini,EMP-2025-2620,3335272612988133,ZCE625781,1998-12-26,0
Mira Wati,EMP-2025-5515,7663692212674508,XA8453189,1967-12-22,0
Putri Lestari,EMP-2025-8823,6112812611888268,TM7616071,1988-11-26,
Hana Rahayu,EMP-2025-7772,3302320202729397,DWJ700587,1972-02-02,0
Dian Sari,EMP-2025-4905,3237421504662223,SF9975271,1966-04-15,0
Yani Pertiwi,EMP-2025-4020,6166931410969312,JU7659984,1996-10-14,1
Omar Pratama,EMP-2025-6322,7486321107685478,GME71329,1968-07-11,
Qori Hidayat,EMP-2025-2978,3466311302037966,AEP43210,2003-02-13,0
Jihan Santoso,EMP-2025-5298,7310052203707567,IW429906,1970-03-22,0
Uci Lestari,EMP-2025-7973,7428020307842339,FDW222172,1984-07-03,0
Rina Dewi,EMP-2025-8115,3274530411646855,GTX515895,1964-11-04,1
Zaki Kurniawan,EMP-2025-8809,6115910202825385,DML098997,1982-02-02,1
Fajar Gunawan,EMP-2025-8256,3226400207799678,NF479224,1979-07-02,0
Citra Fitriani,EMP-2025-0205,3613302807619914,YJ911121,1961-07-28,1
Rina Wijaya,EMP-2025-0571,3384220809811393,LDG00668,1981-09-08,
Mira Saputri,EMP-2025-9025,3521351302943936,BM061754,1994-02-13,
Nia Kusuma,EMP-2025-9410,7561201410954191,FEC87108,1995-10-14,1
Joko Nugroho,EMP-2025-3153,3314691206650581,JLR005460,1965-06-12,0
Gina Purnomo,EMP-2025-6785,3277431001826405,BJ950460,1982-01-10,0
Fajar Susanto,EMP-2025-7560,3443730212610426,PC6102857,1961-12-02,0
Eko Purnomo,EMP-2025-0409,7364192006771966,IXU79118,1977-06-20,0
Fitri Utomo,EMP-2025-2371,7433401410826670,TH1160325,1982-10-14,
Nita Kurniawan,EMP-2025-7774,3275350903887309,JA4632146,1988-03-09,1
Fitri Kusuma,EMP-2025-5652,7504873010724430,PJJ151959,1972-10-30,1
Rina Nurhaliza,EMP-2025-8780,7552970706869940,GOU14995,1986-06-07,1
Indra Fitriani,EMP-2025-9134,3604660707817182,ZC4650305,1981-07-07,0
Bayu Simatupang,EMP-2025-5342,7378941404723234,HG290129,1972-04-14,1
Kurnia Wulandari,EMP-2025-1081,7324190809612756,FS8338700,1961-09-08,1
Prima Utomo,EMP-2025-3921,3538963012967430,PA1170983,1996-12-30,0
Kurnia Maharani,EMP-2025-9536,3488642411787484,TQK39998,1978-11-24,1
Fitri Hermawan,EMP-2025-0378,3650321706640831,RGD724950,1964-06-17,
Nia Simatupang,EMP-2025-8213,7583482401845403,TZ106860,1984-01-24,0
Ika Hidayat,EMP-2025-5270,3653530407637316,YPG84100,1963-07-04,
Eko Purnomo,EMP-2025-2494,3218911201698307,QN918155,1969-01-12,1
Ika Saputra,EMP-2025-3157,6118602003815874,IYF02107,1981-03-20,
Nita Kusuma,EMP-2025-1138,6114712903716860,UZ528380,1971-03-29,0
Lestari Saputri,EMP-2025-1397,3234551506970386,ON008929,1997-06-15,
Qori Nurhaliza,EMP-2025-0482,7309450711682050,YSA43977,1968-11-07,1
Nia Budiman,EMP-2025-7206,3240840410762365,ZWH102377,1976-10-04,
Andi Gunawan,EMP-2025-5730,3663200402843849,CZN977149,1984-02-04,0
Rina Lestari,EMP-2025-6557,7551542907955753,WH9649848,1995-07-29,
Ika Rahman,EMP-2025-9473,3661601501682616,QJ4983599,1968-01-15,1
Wati Hidayat,EMP-2025-6870,3627401708655034,OYD74273,1965-08-17,
Candra Rahman,EMP-2025-1441,3403521208854638,CS750128,1985-08-12,1
Wati Dewi,EMP-2025-8237,3544871008868200,SN540427,1986-08-10,0
Candra Santoso,EMP-2025-6080,3306242712682638,FTC207069,1968-12-27,0
Rina Pratama,EMP-2025-0867,7419132102066309,FB1486900,2006-02-21,0
Joko Nugroho,EMP-2025-1753,3539611704713944,TPM07878,1971-04-17,1
Vina Rahman,EMP-2025-1615,7697070105064234,VQV89609,2006-05-01,1
Erna Wijaya,EMP-2025-7743,7522911107710371,OR501477,1971-07-11,1
Dian Susanto,EMP-2025-7701,3355043009061820,DF241132,2006-09-30,1
Sari Wati,EMP-2025-8963,7514012302774699,RS749012,1977-02-23,0
Wati Sari,EMP-2025-6402,3551241705751992,UJ582608,1975-05-17,1
Yani Pratama,EMP-2025-5975,7689161611829472,CB8883092,1982-11-16,
Nita Lestari,EMP-2025-3472,7599341011744622,QW2852097,1974-11-10,0
Omar Dewi,EMP-2025-1654,3241300701652415,XJS64728,1965-01-07,1
Candra Dewi,EMP-2025-0052,3540711412681532,ADT47158,1968-12-14,0
Hana Wijaya,EMP-2025-1822,6161321701915259,OB930235,1991-01-17,1
Candra Nugroho,EMP-2025-9807,6134200108940748,ETA74797,1994-08-01,1
Oki Purnomo,EMP-2025-7235,7419051012921060,AF132656,1992-12-10,
Zaki Pratama,EMP-2025-5029,3228132306045211,NU203876,2004-06-23,0
Zaki Hermawan,EMP-2025-8653,7623430702846463,ZXE94414,1984-02-07,0
Budi Lestari,EMP-2025-3412,3462090605795543,MRJ257864,1979-05-06,1
Maya Anggraini,EMP-2025-0943,7567511410812890,UUG76961,1981-10-14,1
Wati Hidayat,EMP-2025-0145,3342771702017030,ERI04547,2001-02-17,0
Lina Budiman,EMP-2025-8634,7310761804633953,DEF71717,1963-04-18,
Yani Wijaya,EMP-2025-7616,3462141305701229,QMP11718,1970-05-13,1
Lestari Lestari,EMP-2025-6141,3671520909810531,YV2810149,1981-09-09,
Maya Gunawan,EMP-2025-4402,3213351005776513,VBO487980,1977-05-10,0
Kiki Anggraini,EMP-2025-9557,6188020810634772,FK193218,1963-10-08,1
Gina Rahayu,EMP-2025-3643,7456311704618847,TT213785,1961-04-17,
Candra Pratama,EMP-2025-7570,3595782712802085,ZM1582627,1980-12-27,0
Dian Saputri,EMP-2025-5426,7392540106016474,LE324663,2001-06-01,0
Kiki Suryanto,EMP-2025-6860,7570560711870046,ZTW156958,1987-11-07,0
Putri Handayani,EMP-2025-4904,3424991610676086,QH5119219,1967-10-16,0
Kurnia Lestari,EMP-2025-0973,3220481807905637,QS276085,1990-07-18,
Oki Wijaya,EMP-2025-3158,3689271003784024,HG5180579,1978-03-10,0
Galih Setiawan,EMP-2025-9500,3697350612682650,LI386101,1968-12-06,0
Gina Anggraini,EMP-2025-6090,3362591407889634,EXJ65939,1988-07-14,0
Andi Hidayat,EMP-2025-1637,3451582008673754,JSD82365,1967-08-20,1
Kiki Rahayu,EMP-2025-1974,3319900402636976,VFA689310,1963-02-04,0
Mira Gunawan,EMP-2025-5811,3346892206815438,IH1626084,1981-06-22,
Ahmad Nurhaliza,EMP-2025-4118,3434601203726134,DC7273975,1972-03-12,
Erna Rahayu,EMP-2025-6263,7464060907998073,ZW5940891,1999-07-09,
Budi Saputri,EMP-2025-5465,3656361612658516,TNV934717,1965-12-16,
Lina Dewi,EMP-2025-2758,3651622201729577,HFU70511,1972-01-22,1
Kiki Lestari,EMP-2025-6648,3297140704775779,TZ145210,1977-04-07,0
Vina Kurniawan,EMP-2025-9395,3536120908869335,PU384132,1986-08-09,0
Jihan Suryanto,EMP-2025-1094,7647562803783033,VQA607527,1978-03-28,0
Hadi Fitriani,EMP-2025-1423,3421393105021535,JA4054632,2002-05-31,
Candra Hermawan,EMP-2025-6405,7308610412992127,FNY034144,1999-12-04,0
Wati Hidayat,EMP-2025-6724,3587150504793248,AY204120,1979-04-05,1
Nita Nurhaliza,EMP-2025-7601,3396262301022928,RKJ87467,2002-01-23,0
Lina Pratama,EMP-2025-7756,7606360704991139,WCO984612,1999-04-07,0
Dian Anggraini,EMP-2025-4369,3672290610005041,CMF43185,2000-10-06,0
Ahmad Suryanto,EMP-2025-6202,3446382612933693,KO615726,1993-12-26,1
Qori Hermawan,EMP-2025-4390,3565442111887893,CS3507525,1988-11-21,1
Wati Susanto,EMP-2025-4811,3240632508971538,LY243354,1997-08-25,1
Lestari Pratama,EMP-2025-3832,3654600708726353,OVZ326587,1972-08-07,0
Candra Pratama,EMP-2025-1803,3458611710759452,UI6683224,1975-10-17,1
Hadi Saputra,EMP-2025-4375,3230912301837278,PGA66047,1983-01-23,0
Nita Lestari,EMP-2025-7789,3495242107986723,UPU55353,1998-07-21,0
Prima Nurhaliza,EMP-2025-6795,7361972503799383,HV908768,1979-03-25,
Eko Setiawan,EMP-2025-4299,3418160209010962,TTO64428,2001-09-02,0
Nia Nugroho,EMP-2025-9507,7687022305033141,TN6551117,2003-05-23,0
Fitri Hermawan,EMP-2025-6929,7412591205618748,PEP075669,1961-05-12,0
Yani Hidayat,EMP-2025-4625,6139881807621851,UPK950351,1962-07-18,
Fajar Wulandari,EMP-2025-8399,7521351808819199,RGB768071,1981-08-18,0
Hana Sari,EMP-2025-1867,7382491802853634,WNW162796,1985-02-18,1
Indra Pertiwi,EMP-2025-7799,3226582212641875,YZ608255,1964-12-22,0
Joko Wulandari,EMP-2025-2714,7421521704748663,OQU83960,1974-04-17,
Fajar Setiawan,EMP-2025-4516,7644732304777651,BO967831,1977-04-23,1
Nia Simatupang,EMP-2025-2187,3402721410638690,GD6894682,1963-10-14,
Nia Maharani,EMP-2025-5473,7381842404774147,XCA89118,1977-04-24,
Dian Santoso,EMP-2025-7513,3275123010743651,GEX48723,1974-10-30,0
Rina Hermawan,EMP-2025-5052,3632491405892179,JF276877,1989-05-14,0
Maya Budiman,EMP-2025-8959,3552902003858357,DW923941,1985-03-20,0
Ika Saputri,EMP-2025-7596,3555050401956607,HBJ54989,1995-01-04,0
Wati Setiawan,EMP-2025-2717,3624781307953024,ODJ04951,1995-07-13,
Candra Santoso,EMP-2025-9883,7677852908749634,FT835741,1974-08-29,1
Ahmad Santoso,EMP-2025-8574,3332332104760801,XVC679511,1976-04-21,0
Eko Wati,EMP-2025-6536,3338390904657642,VS9362029,1965-04-09,1
Ika Nurhaliza,EMP-2025-8122,3303272802079420,DQO064362,2007-02-28,0
Omar Setiawan,EMP-2025-8497,6180912305740912,GV5446862,1974-05-23,0
Lestari Simatupang,EMP-2025-8749,7670050401946592,WC294415,1994-01-04,1
Uci Dewi,EMP-2025-5073,3497981311860111,UH112016,1986-11-13,1
Vina Kurniawan,EMP-2025-8125,3302070105058032,QB047710,2005-05-01,
Rina Purnomo,EMP-2025-3249,7677930803679680,FLE883826,1967-03-08,1
Citra Fitriani,EMP-2025-3695,3257961802982109,ZXX40704,1998-02-18,
Wati Saputra,EMP-2025-2728,7546120503043915,CJF08530,2004-03-05,
Fajar Santoso,EMP-2025-7404,3394951805695259,HUK26904,1969-05-18,0
Jihan Santoso,EMP-2025-5104,3602761411820207,XDH929710,1982-11-14,
Joko Setiawan,EMP-2025-3909,3576491802962627,XOK66045,1996-02-18,1
Erna Nurhaliza,EMP-2025-6261,3478901802911484,RSF734296,1991-02-18,1
Omar Sari,EMP-2025-7986,3265651008657078,NZ901975,1965-08-10,
Hadi Suryanto,EMP-2025-2380,3629112101693272,JCN53826,1969-01-21,
Devi Dewi,EMP-2025-0297,7305381408012604,FXR42727,2001-08-14,
Bayu Utomo,EMP-2025-1041,3482262712677272,KBQ75478,1967-12-27,1
Ahmad Wati,EMP-2025-5953,3432421707940046,ZD050389,1994-07-17,1
Candra Hidayat,EMP-2025-6445,7552072406900850,BK831566,1990-06-24,0
Maya Nugroho,EMP-2025-3545,7670762308710180,PZ8203021,1971-08-23,1
Uci Hidayat,EMP-2025-1837,6173601609933790,ZB084999,1993-09-16,1
Wati Wulandari,EMP-2025-9124,7618060806894684,SYF105753,1989-06-08,0
Bayu Wijaya,EMP-2025-6655,3637980906906524,WP144340,1990-06-09,1
Yani Santoso,EMP-2025-7335,3440700810980500,HW7941393,1998-10-08,0
Lina Hidayat,EMP-2025-7229,6126881703611112,RQ4830553,1961-03-17,1
Mira Pratama,EMP-2025-7248,3327320502905040,BJG26399,1990-02-05,1
Uci Rahayu,EMP-2025-9431,7416742712678597,LTH54312,1967-12-27,
Ahmad Lestari,EMP-2025-8962,7434813101026488,JM9968802,2002-01-31,
Andi Nurhaliza,EMP-2025-9888,3373241107750419,LGE664715,1975-07-11,1
Omar Fitriani,EMP-2025-3934,3224721210725279,VY386249,1972-10-12,
Sari Utomo,EMP-2025-0766,3429932502912306,GE2906275,1991-02-25,0
Zaki Pratama,EMP-2025-9683,3664852402679907,XA330861,1967-02-24,1
Prima Saputri,EMP-2025-9030,6156731701673306,DA792174,1967-01-17,0
Yani Pratama,EMP-2025-3578,3464580210027650,YK9424942,2002-10-02,0
Candra Purnomo,EMP-2025-4985,7305432911882777,QC6720826,1988-11-29,1
Prima Dewi,EMP-2025-2257,7522553006016886,OAY007159,2001-06-30,1
Lestari Kurniawan,EMP-2025-9400,3653940803674633,GPQ199654,1967-03-08,
Bayu Nugroho,EMP-2025-8292,3677100712839810,ATX02761,1983-12-07,1
Budi Santoso,EMP-2025-9675,3628172108723645,XCC693292,1972-08-21,
Erna Saputri,EMP-2025-2677,3324882303017159,XV938913,2001-03-23,
Eko Saputri,EMP-2025-2316,7409661110058624,FN069230,2005-10-11,0
Rina Anggraini,EMP-2025-5013,3674830601946567,TON37344,1994-01-06,1
Uci Handayani,EMP-2025-7288,3587702306820061,FU8084310,1982-06-23,1
Qori Purnomo,EMP-2025-5416,7488650904974552,RNK73409,1997-04-09,1
Lina Susanto,EMP-2025-7314,3601010407656332,NVV200321,1965-07-04,1
Fajar Dewi,EMP-2025-7739,3634091010069646,AUV599078,2006-10-10,0
Devi Saputra,EMP-2025-3179,3358032310826689,WH126006,1982-10-23,
Galih Utomo,EMP-2025-3484,7529040210851134,RAU844885,1985-10-02,1
Galih Nurhaliza,EMP-2025-3437,6120720312841795,KHA94377,1984-12-03,
Citra Lestari,EMP-2025-9389,3274420807053650,RXP190721,2005-07-08,0
Sari Saputra,EMP-2025-8530,3346681405735442,PWM12544,1973-05-14,1
Ika Kurniawan,EMP-2025-5059,7447790308931863,NL967257,1993-08-03,
Rina Kusuma,EMP-2025-4530,6183671905968427,OE1806736,1996-05-19,1
Fitri Gunawan,EMP-2025-1617,7362382002073438,FAK666395,2007-02-20,
Hadi Gunawan,EMP-2025-5928,7520382212736251,OKO992416,1973-12-22,
Kurnia Hidayat,EMP-2025-7726,7575042905742806,AV327560,1974-05-29,1
Nia Gunawan,EMP-2025-7294,7475420402841157,MIP985604,1984-02-04,
Indra Santoso,EMP-2025-8096,3346751808665250,OH182254,1966-08-18,0
Jihan Wijaya,EMP-2025-2473,3288622907961299,PR1660875,1996-07-29,0
Devi Gunawan,EMP-2025-1611,7683702609076341,VA047858,2007-09-26,
Citra Rahman,EMP-2025-9091,3429622412739659,KP2959439,1973-12-24,
Kiki Kurniawan,EMP-2025-7541,6106540611045373,WUW360421,2004-11-06,
Rina Hidayat,EMP-2025-0700,3513421005905575,LXJ566757,1990-05-10,0
Jihan Gunawan,EMP-2025-1251,3648660308791715,BXY799781,1979-08-03,0
Tono Lestari,EMP-2025-9859,6181971402968747,TP844082,1996-02-14,
Nia Budiman,EMP-2025-4316,3646551310064783,ZOH848980,2006-10-13,0
Oki Wijaya,EMP-2025-8291,7641620606808170,WJ371966,1980-06-06,
Yani Sari,EMP-2025-2240,7372960607790619,IJ692108,1979-07-06,
Wati Saputri,EMP-2025-4055,6181951808838808,UAM278737,1983-08-18,
Hana Hermawan,EMP-2025-7980,7646703003861349,TYP00011,1986-03-30,0
Galih Lestari,EMP-2025-1621,7373710404674697,UH638725,1967-04-04,1
Budi Anggraini,EMP-2025-2055,3604950405729691,HQG701969,1972-05-04,
Andi Fitriani,EMP-2025-9140,7650911008771910,KL5344013,1977-08-10,0
Omar Saputri,EMP-2025-2190,3623051511722098,GP0979584,1972-11-15,0
Yani Maharani,EMP-2025-2454,3361581604675365,HKH627348,1967-04-16,1
Wati Anggraini,EMP-2025-6288,3449070809709005,MD0577686,1970-09-08,0
Vina Sari,EMP-2025-4305,3463880303006155,HB9995018,2000-03-03,
Fitri Handayani,EMP-2025-7883,3535370710839001,EX5379092,1983-10-07,
Sari Santoso,EMP-2025-5859,7438753007782439,CS548216,1978-07-30,
Fitri Nurhaliza,EMP-2025-7135,6137321205008120,CFS50759,2000-05-12,0
Andi Pertiwi,EMP-2025-4099,7611422801691064,LN6907040,1969-01-28,
Qori Kusuma,EMP-2025-7441,6155391705725418,KO1451973,1972-05-17,
Ika Kusuma,EMP-2025-3026,3502521910630865,BY896366,1963-10-19,1
Joko Utomo,EMP-2025-6699,3313383007740448,AIG094827,1974-07-30,0
Eko Wijaya,EMP-2025-3803,3436052308635235,EE360660,1963-08-23,0
Qori Simatupang,EMP-2025-9436,3669402807793664,FQ139717,1979-07-28,1
Lina Saputri,EMP-2025-3043,3643173003804986,HUP71541,1980-03-30,0
Lina Setiawan,EMP-2025-7759,7646321701007436,HO142473,2000-01-17,1
Putri Setiawan,EMP-2025-7995,6143730710664383,YJG643273,1966-10-07,
Putri Utomo,EMP-2025-6453,6121370506004437,SRI16753,2000-06-05,1
Oki Simatupang,EMP-2025-9706,3591972508958092,HI1469975,1995-08-25,1
Jihan Lestari,EMP-2025-8196,3585370209978988,GPK352466,1997-09-02,
Kiki Nugroho,EMP-2025-8194,3354131308923680,CX6024210,1992-08-13,0
Tono Lestari,EMP-2025-9075,3336692610987897,OD519931,1998-10-26,1
Mira Pertiwi,EMP-2025-2695,7324420210852362,VHT911198,1985-10-02,1
Kurnia Rahman,EMP-2025-1310,3228510505848285,EK750490,1984-05-05,0
Fitri Wati,EMP-2025-1719,6129770810700539,CJU172670,1970-10-08,0
Candra Purnomo,EMP-2025-7898,3535352202807803,YH2856000,1980-02-22,
Kurnia Kurniawan,EMP-2025-1494,3505100405838920,KZ7038191,1983-05-04,1
Uci Wati,EMP-2025-9867,7316521010631186,GD2893210,1963-10-10,0
Galih Wijaya,EMP-2025-1576,7308901409039265,VYC03488,2003-09-14,0
Galih Fitriani,EMP-2025-2218,3491132907880266,XRA218463,1988-07-29,
Hadi Hermawan,EMP-2025-7806,3399780812797146,MHL270946,1979-12-08,1
Zaki Sari,EMP-2025-1950,3374370301764088,HBS920546,1976-01-03,1
Erna Anggraini,EMP-2025-5295,7533452301912740,TM806270,1991-01-23,
Dian Handayani,EMP-2025-8614,7691792707858530,LPN901973,1985-07-27,
Ahmad Purnomo,EMP-2025-4854,7327472306938272,WE4316403,1993-06-23,0
Ahmad Santoso,EMP-2025-3646,3211380906851823,ZJ827571,1985-06-09,
Joko Saputra,EMP-2025-1644,7353700902664456,DDM171861,1966-02-09,0
Kurnia Hidayat,EMP-2025-0216,3423722109744652,MWN95200,1974-09-21,1
Mira Utomo,EMP-2025-1892,7615301304941668,JA199916,1994-04-13,0
Vina Rahman,EMP-2025-9119,7338162101938018,PM0900812,1993-01-21,1
Kurnia Fitriani,EMP-2025-1567,3379432102728365,HOU76516,1972-02-21,
Putri Kurniawan,EMP-2025-8155,3503502409805642,RF6086949,1980-09-24,
Ahmad Kurniawan,EMP-2025-5439,7377741801625226,YXU60718,1962-01-18,1
Rina Handayani,EMP-2025-5887,7656731303654884,NU000342,1965-03-13,1
Maya Purnomo,EMP-2025-7278,3211521705892358,CFR280365,1989-05-17,
Qori Kusuma,EMP-2025-4846,7379792703756518,HUM380217,1975-03-27,0
Erna Nurhaliza,EMP-2025-1311,3666010509634488,SIS28633,1963-09-05,
Nita Nurhaliza,EMP-2025-6207,3250233107059226,EE092663,2005-07-31,1
Gina Purnomo,EMP-2025-2283,3429111909898812,FHX639664,1989-09-19,1
Ahmad Setiawan,EMP-2025-4949,3477182707720434,KO9321464,1972-07-27,0
Mira Pratama,EMP-2025-1985,3446971110633530,PN593100,1963-10-11,0
Vina Setiawan,EMP-2025-3698,7631833008823468,PCB615301,1982-08-30,
Oki Sari,EMP-2025-6037,3690642207668424,ZIS227791,1966-07-22,1
Omar Rahayu,EMP-2025-5432,7460690208674668,HTV07693,1967-08-02,0
Uci Purnomo,EMP-2025-7013,3386583007057011,BEM00558,2005-07-30,
Candra Wati,EMP-2025-2554,3253852106670981,GR459064,1967-06-21,1
Joko Suryanto,EMP-2025-2017,3518201308787968,PBD63240,1978-08-13,1
Prima Wulandari,EMP-2025-7432,3503063005634012,UGT870145,1963-05-30,1
Indra Utomo,EMP-2025-8772,7379271103727844,CRF45832,1972-03-11,0
Rina Simatupang,EMP-2025-5786,3313361507636355,SK4888384,1963-07-15,1
Sari Rahayu,EMP-2025-5145,3532630708936427,PZG55128,1993-08-07,1
Bayu Nugroho,EMP-2025-5160,3303402304972263,YP353180,1997-04-23,0
Hadi Nurhaliza,EMP-2025-9786,7454922112042939,TS526211,2004-12-21,1
Hadi Dewi,EMP-2025-4796,6101241301743210,LZR234581,1974-01-13,
Dian Pertiwi,EMP-2025-0397,3690842206657520,FP0469912,1965-06-22,
Indra Maharani,EMP-2025-1050,3489080501855189,MTL16687,1985-01-05,0
Nia Nugroho,EMP-2025-0444,3215092303732483,XS523295,1973-03-23,0
Qori Suryanto,EMP-2025-8348,7358873112940376,YR470203,1994-12-31,1
Devi Kurniawan,EMP-2025-6070,7377182112629213,HSB167052,1962-12-21,
Sari Hidayat,EMP-2025-6415,3210140108904781,MU5097577,1990-08-01,
Nia Purnomo,EMP-2025-3965,3308373004664456,JK023562,1966-04-30,1
Qori Pratama,EMP-2025-3230,7441460803060819,QA532184,2006-03-08,0
Lestari Purnomo,EMP-2025-6633,7605202604021683,MC1539540,2002-04-26,1
Mira Handayani,EMP-2025-2619,7446750208073309,BWS392135,2007-08-02,1
Erna Susanto,EMP-2025-6056,6157910804748937,JG5571141,1974-04-08,
Erna Kusuma,EMP-2025-5411,7443721309641091,YLM082152,1964-09-13,1
Jihan Gunawan,EMP-2025-5189,7356762309804179,QV1159490,1980-09-23,0
Hana Nurhaliza,EMP-2025-0131,3269732502032050,TFW974991,2003-02-25,0
Sari Purnomo,EMP-2025-6389,6117891112038257,AP4008721,2003-12-11,0
Candra Handayani,EMP-2025-7695,3245950803047325,TV965437,2004-03-08,1
Sari Budiman,EMP-2025-0667,7399592104974850,NGH06318,1997-04-21,0
Fajar Hermawan,EMP-2025-7519,7388920807933216,YE5726006,1993-07-08,0
Citra Utomo,EMP-2025-8075,7307981701715482,CY7007940,1971-01-17,1
Lina Wijaya,EMP-2025-7680,6172742407794287,PWX225240,1979-07-24,1
Nia Sari,EMP-2025-6299,7652610201694132,ZS932880,1969-01-02,1
Citra Lestari,EMP-2025-2397,3485531610985978,IO851762,1998-10-16,0
Andi Budiman,EMP-2025-1415,3403702711950814,RJA553218,1995-11-27,
Nita Anggraini,EMP-2025-5248,3594080408783842,VXJ800755,1978-08-04,0
Omar Hermawan,EMP-2025-0059,3371572407071868,WNB390597,2007-07-24,0
Ika Hermawan,EMP-2025-3615,7695303003654301,KCU19070,1965-03-30,
Wati Hermawan,EMP-2025-4966,7367090902929373,XZT892980,1992-02-09,
Candra Suryanto,EMP-2025-7089,3587950210820138,YPQ90513,1982-10-02,0
Nia Maharani,EMP-2025-6645,7453940110920472,LRC48158,1992-10-01,0
Hana Santoso,EMP-2025-1439,7370682111920403,WUE11445,1992-11-21,
Vina Suryanto,EMP-2025-6475,3558830906961403,EOQ452351,1996-06-09,1
Sari Wijaya,EMP-2025-8127,7460202609995288,HOE95399,1999-09-26,1
Hadi Kurniawan,EMP-2025-9548,3350431802049035,OY5933854,2004-02-18,1
Prima Gunawan,EMP-2025-0715,7555060511655916,SE565484,1965-11-05,0
Lestari Nugroho,EMP-2025-0296,3583032806739661,CW605802,1973-06-28,0
Maya Santoso,EMP-2025-2969,7385832509912446,FE8601074,1991-09-25,0
Rina Nurhaliza,EMP-2025-4253,3623502210982276,JMU96386,1998-10-22,1
Candra Susanto,EMP-2025-0815,7648532604054190,OMF23272,2005-04-26,
Nia Maharani,EMP-2025-4386,7585542607928424,UO6969688,1992-07-26,1
Nia Hermawan,EMP-2025-0481,3667411805822528,MNA27676,1982-05-18,
Erna Kusuma,EMP-2025-5525,3639321306999783,JT309012,1999-06-13,
Wati Hermawan,EMP-2025-2822,3207593006784594,OS279852,1978-06-30,
Kurnia Wijaya,EMP-2025-6910,3231721905631040,IZ3666236,1963-05-19,1
Gina Wijaya,EMP-2025-7603,3544301608662282,URR768307,1966-08-16,0
Devi Wulandari,EMP-2025-2734,3585460806634502,JXV583161,1963-06-08,1
Uci Wijaya,EMP-2025-5736,7429682901789077,HYG97865,1978-01-29,0
Zaki Wijaya,EMP-2025-5123,7486390509915857,RS118414,1991-09-05,0
Kiki Santoso,EMP-2025-6934,3386412706036137,TG1455574,2003-06-27,
Omar Kurniawan,EMP-2025-7070,7608552410811374,AV944037,1981-10-24,
Fitri Hermawan,EMP-2025-3729,7519172105987221,YY2279505,1998-05-21,1
Zaki Gunawan,EMP-2025-3970,3408191212939959,HBR722133,1993-12-12,0
Fitri Susanto,EMP-2025-4798,7679091409705427,TQ8576283,1970-09-14,0
Dian Wati,EMP-2025-1945,3486752103047925,IK9963730,2004-03-21,0
Fajar Wijaya,EMP-2025-0878,7515552706731367,FQE387464,1973-06-27,0
Zaki Saputri,EMP-2025-7985,6118733011067393,LH3123090,2006-11-30,
Nita Nugroho,EMP-2025-5074,3572642011633491,WEI43272,1963-11-20,
Lina Sari,EMP-2025-4876,3535530601025702,NS7500251,2002-01-06,0
Maya Hermawan,EMP-2025-6149,6113320310824601,CI0261717,1982-10-03,
Hana Anggraini,EMP-2025-1992,3397870607958569,FVG679764,1995-07-06,
Rina Saputra,EMP-2025-3018,3683630204997900,BJ2779944,1999-04-02,1
Yani Maharani,EMP-2025-2955,3284863107891708,LN7850263,1989-07-31,
Hana Wulandari,EMP-2025-5545,7419791604965639,VPL04786,1996-04-16,1
Gina Wati,EMP-2025-1746,3455311008926567,TT942032,1992-08-10,
Candra Wati,EMP-2025-2718,7562960807860763,FR693781,1986-07-08,
Nia Susanto,EMP-2025-7489,3501382209701174,URE322697,1970-09-22,1
Nita Fitriani,EMP-2025-6179,3662040804836362,PXY359022,1983-04-08,
Qori Pratama,EMP-2025-5645,3552940703811291,TD6193520,1981-03-07,1
Andi Pertiwi,EMP-2025-7401,3475130203688901,DE110167,1968-03-02,0
Hadi Wijaya,EMP-2025-8531,7443870901018616,VMH60181,2001-01-09,1
Uci Maharani,EMP-2025-8467,7553430904985832,ON9800288,1998-04-09,0
Kurnia Wulandari,EMP-2025-9772,3353260504692756,ZJJ771562,1969-04-05,0
Hadi Setiawan,EMP-2025-8691,3374281408656422,SC6009376,1965-08-14,0
Sari Handayani,EMP-2025-8633,3554161407821260,GAW68266,1982-07-14,
Eko Kurniawan,EMP-2025-3841,6165292306916900,DW6197818,1991-06-23,
Qori Handayani,EMP-2025-8087,3442722110664163,XXC740635,1966-10-21,1
Omar Pratama,EMP-2025-3830,3327932505835216,IF6074363,1983-05-25,
Fitri Maharani,EMP-2025-8821,7655900304885937,DHS746839,1988-04-03,1
Lina Nurhaliza,EMP-2025-7709,7509092504793536,YL616797,1979-04-25,0
Tono Nurhaliza,EMP-2025-8606,3483222601851542,VB1239056,1985-01-26,1
Hana Maharani,EMP-2025-0505,3438980702852545,SG064380,1985-02-07,
Fitri Hermawan,EMP-2025-9437,3344542405850133,CMF843818,1985-05-24,
Lina Rahman,EMP-2025-1247,7608661811766317,AF327516,1976-11-18,1
Maya Suryanto,EMP-2025-6938,7392492308999554,UO2350087,1999-08-23,
Putri Hidayat,EMP-2025-4595,3280302403882078,HJ5142256,1988-03-24,0
Ika Saputra,EMP-2025-4169,7448140701957147,NU812536,1995-01-07,1
Candra Lestari,EMP-2025-5571,6103581212843346,PJ689882,1984-12-12,
Mira Simatupang,EMP-2025-9846,7337421208795288,VM048507,1979-08-12,1
Erna Rahayu,EMP-2025-4667,3471663108013478,RNL56207,2001-08-31,
Andi Purnomo,EMP-2025-4274,3256750806651393,XCZ729791,1965-06-08,1
Nia Budiman,EMP-2025-5550,7356941601900001,ON6362862,1990-01-16,1
Citra Utomo,EMP-2025-0306,7682561803075369,IXQ47723,2007-03-18,
Galih Maharani,EMP-2025-7728,3623722310991182,XU3010885,1999-10-23,
Wati Rahman,EMP-2025-1169,3497492210878425,TGQ745033,1987-10-22,0
Galih Gunawan,EMP-2025-7198,3303991112672316,PCU029818,1967-12-11,1
Hana Nugroho,EMP-2025-6346,7549980106030800,KBF23262,2003-06-01,
Hadi Susanto,EMP-2025-1720,7396950510823812,RD3607708,1982-10-05,1
Nita Purnomo,EMP-2025-2836,3636460403027563,XKY56595,2002-03-04,1
Budi Budiman,EMP-2025-4700,3664992605944467,YV131778,1994-05-26,0
Fitri Sari,EMP-2025-7788,7450602706989136,AWA43341,1998-06-27,1
Sari Saputri,EMP-2025-9640,7499272206790974,UQ5204371,1979-06-22,1
Ahmad Dewi,EMP-2025-5988,6132682709906925,IE8149696,1990-09-27,0
Andi Kurniawan,EMP-2025-0982,3660041611671150,VP806755,1967-11-16,1
Bayu Wulandari,EMP-2025-8232,3312711212695215,TL407440,1969-12-12,1
Mira Handayani,EMP-2025-6744,3236932303029561,RWV703149,2002-03-23,0
Putri Suryanto,EMP-2025-2689,7583802411664526,RA5142024,1966-11-24,
Fitri Hidayat,EMP-2025-0898,7323200111664152,BWN04425,1966-11-01,1
Hana Purnomo,EMP-2025-4956,7544223003847459,AI208817,1984-03-30,
Rina Susanto,EMP-2025-5081,3546110704976777,MCC906033,1997-04-07,1
Eko Fitriani,EMP-2025-8639,6169112402923442,QSM36685,1992-02-24,0
Citra Saputri,EMP-2025-1813,7549431503938501,LTE902590,1993-03-15,0
Putri Nugroho,EMP-2025-3098,3569092412836311,DPV91634,1983-12-24,0
Maya Dewi,EMP-2025-8438,7695141505761038,EXH241083,1976-05-15,0
Uci Simatupang,EMP-2025-0965,3342292404643110,HLN868463,1964-04-24,1
Joko Pratama,EMP-2025-5005,7395910208993890,ZHU504692,1999-08-02,1
Indra Pertiwi,EMP-2025-6871,3688112001700376,XT600787,1970-01-20,0
Omar Anggraini,EMP-2025-6628,3486330111722024,KN1083617,1972-11-01,1
Kurnia Pertiwi,EMP-2025-9387,3404680703784440,TA1769647,1978-03-07,1
Hadi Utomo,EMP-2025-0500,3291262512742389,YR567214,1974-12-25,
Sari Saputra,EMP-2025-0733,6112380311903052,RNY716503,1990-11-03,0
Fitri Pertiwi,EMP-2025-5876,3424341812616857,XGY66370,1961-12-18,
Hana Gunawan,EMP-2025-4254,7665432511996425,AX638255,1999-11-25,
Zaki Santoso,EMP-2025-3376,7345551902821214,RBQ800071,1982-02-19,1
Uci Saputri,EMP-2025-9461,7476360812001305,FA172959,2000-12-08,0
Bayu Purnomo,EMP-2025-1203,7522922610865047,GV9245589,1986-10-26,0
Yani Nugroho,EMP-2025-0129,3273432408802066,WTK83618,1980-08-24,
Candra Purnomo,EMP-2025-2700,7585242501758611,TC1308547,1975-01-25,1
Fitri Budiman,EMP-2025-5308,7465031808964564,MG584126,1996-08-18,1
Kiki Maharani,EMP-2025-2600,6145882605909826,HSZ906938,1990-05-26,1
Andi Gunawan,EMP-2025-6954,6198162105718078,IGK03631,1971-05-21,
Prima Utomo,EMP-2025-3385,7655311207610817,TVB310734,1961-07-12,0
Devi Budiman,EMP-2025-3523,3619170201868872,UPM55526,1986-01-02,0
Gina Fitriani,EMP-2025-3221,7505361707613343,OBW427547,1961-07-17,1
Galih Utomo,EMP-2025-5654,6134351803980259,PX6489847,1998-03-18,0
Kiki Sari,EMP-2025-1032,6196270504964898,PD479157,1996-04-05,1
